ok,0.46285170316696167,0.7368544340133667,0.4693553149700165,0.7398627996444702,0.4749910235404968,0.7416778802871704,0.48391735553741455,0.7439612150192261,0.4945250451564789,0.7458025813102722,0.5062673687934875,0.7460764050483704,0.5176587700843811,0.7442972660064697,0.5275705456733704,0.7410403490066528,0.5357089042663574,0.7374719977378845,0.5407127141952515,0.7349691987037659,0.5466972589492798,0.7309573292732239,0.5526669025421143,0.7321414947509766,0.5480263829231262,0.740606427192688,0.5415171384811401,0.7505537867546082,0.5319560766220093,0.7628459334373474,0.5201277732849121,0.7718932032585144,0.5065430998802185,0.7748174667358398,0.49266302585601807,0.773790717124939,0.48000308871269226,0.7665162086486816,0.4693584740161896,0.755577802658081,0.46208080649375916,0.746673047542572,0.4568265378475189,0.7386910915374756
one,0.4795829653739929,0.7974643707275391,0.48650020360946655,0.8006165027618408,0.4923724830150604,0.8019583225250244,0.5018736720085144,0.8037353157997131,0.5135315656661987,0.8052322268486023,0.5268874168395996,0.8052679896354675,0.5403008460998535,0.8028979897499084,0.5521161556243896,0.7992016673088074,0.5620381832122803,0.7956152558326721,0.5681313276290894,0.7930508255958557,0.5751561522483826,0.7885184288024902,0.5823975801467896,0.7904950380325317,0.5773533582687378,0.8011573553085327,0.5699335336685181,0.8133471012115479,0.5588002800941467,0.8286190629005432,0.5446876883506775,0.8400352597236633,0.5283241271972656,0.8438146114349365,0.5119702816009521,0.8428676724433899,0.4974606931209564,0.8340727686882019,0.48573070764541626,0.82087641954422,0.4779066741466522,0.8104329109191895,0.4722578525543213,0.8007600903511047
two,0.4837171733379364,0.8283157348632812,0.4899110794067383,0.8317049741744995,0.49494636058807373,0.8333300948143005,0.5032649040222168,0.8354800343513489,0.51385897397995,0.8370984792709351,0.5264405012130737,0.8370328545570374,0.5400226712226868,0.8340317606925964,0.5520472526550293,0.8295056819915771,0.5622590184211731,0.8248506188392639,0.568568766117096,0.8213849663734436,0.5757434964179993,0.8161805272102356,0.583275556564331,0.8184690475463867,0.578639566898346,0.8293679356575012,0.5713441967964172,0.8427011966705322,0.5602688193321228,0.859695315361023,0.5460278391838074,0.8726255297660828,0.5291174650192261,0.8774880766868591,0.5129998922348022,0.8764426112174988,0.49908775091171265,0.867012619972229,0.48827528953552246,0.8529407978057861,0.48146167397499084,0.8419747352600098,0.4765567183494568,0.8324344754219055
thumbs_up,0.4938269853591919,0.8245483636856079,0.5012304186820984,0.8326956033706665,0.5072318315505981,0.8374482989311218,0.5170083045959473,0.8431351184844971,0.5292674899101257,0.8472297191619873,0.5439357757568359,0.8481007814407349,0.5587429404258728,0.8444682359695435,0.5712958574295044,0.8378487825393677,0.5817349553108215,0.8301242589950562,0.5880667567253113,0.8239336609840393,0.5954748392105103,0.814264714717865,0.6037557721138,0.813956081867218,0.5983370542526245,0.829833984375,0.5905691981315613,0.8484423160552979,0.5790053009986877,0.8694475889205933,0.5639936923980713,0.884538471698761,0.5458858609199524,0.8901174068450928,0.5277560949325562,0.8877220749855042,0.512233555316925,0.8755180835723877,0.4999997317790985,0.8568214774131775,0.4916822910308838,0.8403010964393616,0.4853096306324005,0.8257504105567932
ok,0.4954172670841217,0.7924692630767822,0.49990037083625793,0.7943901419639587,0.5035707354545593,0.7944965362548828,0.5096270442008972,0.7942944169044495,0.5174645781517029,0.7943533062934875,0.5268734097480774,0.7936309576034546,0.5371022820472717,0.7915814518928528,0.546150267124176,0.7890259623527527,0.5536563396453857,0.7870876789093018,0.5582102537155151,0.7858182191848755,0.5632690191268921,0.782480776309967,0.5700231194496155,0.7854336500167847,0.5669689178466797,0.7941994071006775,0.5618928670883179,0.8041003942489624,0.5535609722137451,0.8173657059669495,0.542323887348175,0.8276329636573792,0.5290931463241577,0.8313180208206177,0.5165318250656128,0.8311397433280945,0.5056367516517639,0.824248194694519,0.49734920263290405,0.8137089610099792,0.49237775802612305,0.8053596615791321,0.48896628618240356,0.7975441217422485
ok,0.48817065358161926,0.7753439545631409,0.4940046966075897,0.7765966057777405,0.49897781014442444,0.7763727307319641,0.5068629384040833,0.7762072682380676,0.5164304971694946,0.7762995362281799,0.5271736979484558,0.7755154371261597,0.5386016964912415,0.7733535170555115,0.5490346550941467,0.7704448699951172,0.5579575896263123,0.7682029008865356,0.5635851621627808,0.7669137120246887,0.5697392225265503,0.7639970779418945,0.5756641030311584,0.7651858329772949,0.5710018873214722,0.773772120475769,0.5641139149665833,0.7828664183616638,0.5542948842048645,0.7947365641593933,0.5422857999801636,0.8038750886917114,0.5288552641868591,0.8071478009223938,0.5159531831741333,0.8073697686195374,0.5040836334228516,0.801656186580658,0.4942547082901001,0.7926230430603027,0.48740333318710327,0.785517692565918,0.4822675585746765,0.7782706618309021
ok,0.49026647210121155,0.7733952403068542,0.49631497263908386,0.7756829261779785,0.5015036463737488,0.7760462760925293,0.5096993446350098,0.7765070796012878,0.5196254253387451,0.7769920229911804,0.5308189988136292,0.7762690186500549,0.5424667596817017,0.7738289833068848,0.5529416799545288,0.7703876495361328,0.5618343353271484,0.7674428820610046,0.5674033761024475,0.7655431032180786,0.5735228657722473,0.761570930480957,0.5797612071037292,0.7622231245040894,0.5750880837440491,0.7721261382102966,0.5682633519172668,0.7827040553092957,0.5584805607795715,0.7958282232284546,0.5463597774505615,0.8057110905647278,0.5326056480407715,0.8094212412834167,0.5191444754600525,0.8094391226768494,0.5068218111991882,0.8031472563743591,0.4966104328632355,0.7929678559303284,0.4894019663333893,0.7844691276550293,0.4839915335178375,0.7760213017463684
ok,0.48777028918266296,0.7691817879676819,0.4939786195755005,0.7714635133743286,0.49928370118141174,0.7718294262886047,0.5076653361320496,0.7722813487052917,0.517795979976654,0.7727100253105164,0.5292112231254578,0.7718784809112549,0.5410628914833069,0.7692347168922424,0.5517420172691345,0.765594482421875,0.5608281493186951,0.7624313235282898,0.5665253400802612,0.7604004144668579,0.5727880597114563,0.7562559843063354,0.5789832472801208,0.7565577030181885,0.5741743445396423,0.7666884660720825,0.5671760439872742,0.7774034142494202,0.5572187900543213,0.7906550168991089,0.5449403524398804,0.8007077574729919,0.5310434103012085,0.8045544028282166,0.5174295902252197,0.804767906665802,0.5049161314964294,0.7985983490943909,0.4944939613342285,0.7885486483573914,0.4870525002479553,0.7800891399383545,0.48142603039741516,0.7715781331062317
ok,0.47247040271759033,0.7380543351173401,0.47780734300613403,0.7398847341537476,0.48219990730285645,0.7394701838493347,0.4894695580005646,0.7388578653335571,0.4986620247364044,0.7384172677993774,0.5094664692878723,0.7370379567146301,0.5211189389228821,0.7339417338371277,0.5317129492759705,0.7301357388496399,0.5409107208251953,0.7271630167961121,0.5468026995658875,0.7254151105880737,0.5531967282295227,0.7211340665817261,0.5595097541809082,0.7214305996894836,0.5550107359886169,0.7317994832992554,0.5482175350189209,0.7428187727928162,0.5383958220481873,0.7569013237953186,0.5260618329048157,0.7679017186164856,0.5118688941001892,0.7728042006492615,0.4984181225299835,0.773547887802124,0.48644062876701355,0.7678417563438416,0.47706305980682373,0.7579981684684753,0.47067517042160034,0.7497504949569702,0.4658069312572479,0.7414229512214661
ok,0.529153048992157,0.7243541479110718,0.5352374315261841,0.7235464453697205,0.5408382415771484,0.7214070558547974,0.5494322180747986,0.7186239957809448,0.5592139363288879,0.7165306806564331,0.5696653127670288,0.7143319249153137,0.5787448883056641,0.711505115032196,0.5862138271331787,0.7090062499046326,0.5917209386825562,0.7079607248306274,0.5947086215019226,0.7078949809074402,0.598048746585846,0.7059115171432495,0.6048497557640076,0.7078218460083008,0.6026992797851562,0.7151785492897034,0.5991949439048767,0.7229424715042114,0.5929633378982544,0.7346770763397217,0.5835186839103699,0.744278609752655,0.5718627572059631,0.7488848567008972,0.5585407614707947,0.7507388591766357,0.5460309982299805,0.7467190027236938,0.5354629158973694,0.7396872639656067,0.5284653306007385,0.734772801399231,0.5237812399864197,0.729307234287262
ok,0.5169996023178101,0.7109435796737671,0.5235097408294678,0.7089182138442993,0.529453456401825,0.7058438658714294,0.5385391712188721,0.7021517157554626,0.5488407611846924,0.6993392109870911,0.5596371293067932,0.6966879963874817,0.5694765448570251,0.6938683986663818,0.5781087875366211,0.6915547847747803,0.584955632686615,0.6909698843955994,0.5890053510665894,0.6913847923278809,0.5934053659439087,0.690227210521698,0.59956294298172,0.6912887096405029,0.5962254405021667,0.6980608105659485,0.5912531018257141,0.7045373320579529,0.5837359428405762,0.7144866585731506,0.5735456347465515,0.7227601408958435,0.5618205070495605,0.7268236875534058,0.548957347869873,0.7293157577514648,0.5363672971725464,0.7270501852035522,0.5253543853759766,0.7223126888275146,0.5175931453704834,0.7193611860275269,0.5120975971221924,0.7149809002876282
ok,0.5175484418869019,0.7149791717529297,0.5237870812416077,0.7127257585525513,0.5295068025588989,0.709486186504364,0.5383051633834839,0.705529510974884,0.5483760237693787,0.7025831341743469,0.5589767694473267,0.699932336807251,0.568627119064331,0.6972079873085022,0.5770761966705322,0.6951195597648621,0.5837517380714417,0.6948592662811279,0.5877038240432739,0.695545494556427,0.5920594334602356,0.6947197318077087,0.5982686877250671,0.6961475610733032,0.5950735807418823,0.7026426792144775,0.5902760624885559,0.7089331746101379,0.5828920602798462,0.7188388109207153,0.5728154182434082,0.7271419763565063,0.561150848865509,0.7312300205230713,0.5483441352844238,0.7337237000465393,0.5358827710151672,0.7314196228981018,0.5251297950744629,0.7266001105308533,0.5176940560340881,0.723645031452179,0.5125096440315247,0.7193424105644226
ok,0.5124737024307251,0.7062102556228638,0.5191344022750854,0.7035655975341797,0.5252413153648376,0.6999488472938538,0.5346023440361023,0.695728063583374,0.5451650023460388,0.692562460899353,0.5561412572860718,0.6897115707397461,0.5661760568618774,0.6870258450508118,0.5751755833625793,0.6849455833435059,0.5824941992759705,0.684799075126648,0.5869591236114502,0.6856438517570496,0.5918128490447998,0.6850548386573792,0.5976530313491821,0.6857494115829468,0.5938022136688232,0.6921689510345459,0.5882190465927124,0.6980299949645996,0.5802226066589355,0.707109272480011,0.5698185563087463,0.7147226333618164,0.5581742525100708,0.7184761166572571,0.5454559922218323,0.7212588787078857,0.532779335975647,0.7197145819664001,0.5215842127799988,0.7159041166305542,0.5135238170623779,0.7137320637702942,0.5077029466629028,0.7098255753517151
ok,0.5136509537696838,0.7108884453773499,0.5204080939292908,0.7101870179176331,0.5263817310333252,0.7078483700752258,0.5355595350265503,0.7048247456550598,0.5461096167564392,0.702441930770874,0.5574581623077393,0.6997226476669312,0.567678689956665,0.6963756084442139,0.576373279094696,0.69332355260849,0.5831782817840576,0.6918505430221558,0.5871379971504211,0.6914712190628052,0.591491162776947,0.6888779401779175,0.5982367992401123,0.6894020438194275,0.595166027545929,0.6978961229324341,0.590440034866333,0.7064223289489746,0.5830041766166687,0.7183162569999695,0.5725386738777161,0.7280182838439941,0.5600603818893433,0.7330194711685181,0.5462132096290588,0.735379695892334,0.5329828262329102,0.732200026512146,0.5216430425643921,0.7257724404335022,0.51365065574646,0.7208645939826965,0.5079876184463501,0.7148817181587219
thumbs_up,0.5030141472816467,0.7327479720115662,0.5099940896034241,0.7317696213722229,0.5163113474845886,0.7295027375221252,0.5260515809059143,0.7266202569007874,0.5372019410133362,0.7242650985717773,0.5489721894264221,0.7216557264328003,0.5597570538520813,0.7183113694190979,0.5692461133003235,0.7150461673736572,0.5769545435905457,0.7132790684700012,0.5815851092338562,0.7126591801643372,0.5867182016372681,0.7102286219596863,0.5930102467536926,0.7109463810920715,0.5890389680862427,0.7193354964256287,0.5833190083503723,0.7278764247894287,0.5749016404151917,0.7396953105926514,0.5637926459312439,0.7493394017219543,0.5510287880897522,0.7540241479873657,0.537087619304657,0.756365954875946,0.5235905051231384,0.7532548308372498,0.5118760466575623,0.7469351887702942,0.5034618973731995,0.7424107193946838,0.4974171221256256,0.736750602722168
thumbs_up,0.505339503288269,0.7302813529968262,0.5116437673568726,0.7292489409446716,0.5172991156578064,0.7269095778465271,0.5261580944061279,0.7238519191741943,0.5365384221076965,0.7213988900184631,0.547745943069458,0.7187092304229736,0.5582787990570068,0.7153635025024414,0.5675145983695984,0.7122254371643066,0.5750242471694946,0.710686206817627,0.5795480608940125,0.7102167010307312,0.5845023989677429,0.7078924775123596,0.5908656120300293,0.709091067314148,0.587431788444519,0.7171123623847961,0.5821536779403687,0.7254126071929932,0.5740402340888977,0.7372329831123352,0.5630335807800293,0.7471134662628174,0.5502013564109802,0.7519432306289673,0.5364199280738831,0.7544398903846741,0.5234099626541138,0.7512693405151367,0.5124609470367432,0.7449098229408264,0.5049480199813843,0.7404869198799133,0.49960827827453613,0.7349998354911804
thumbs_up,0.5077306628227234,0.7292625904083252,0.5141332149505615,0.727992832660675,0.5198960900306702,0.7253608703613281,0.5288397073745728,0.7218930125236511,0.5392694473266602,0.719079315662384,0.5504615902900696,0.7161145210266113,0.5609124302864075,0.7126390337944031,0.5700756311416626,0.7094590067863464,0.577496349811554,0.7078878283500671,0.5819364786148071,0.7074366211891174,0.5868088603019714,0.7050582766532898,0.5931748151779175,0.7060240507125854,0.589748740196228,0.714100182056427,0.5844758152961731,0.7222558856010437,0.5764249563217163,0.7338773012161255,0.565574049949646,0.743641197681427,0.5529448986053467,0.7484667301177979,0.539362370967865,0.7513405084609985,0.5263763666152954,0.7487164735794067,0.515280544757843,0.7430805563926697,0.507594108581543,0.7392046451568604,0.5021240711212158,0.7339552044868469
thumbs_up,0.5075590014457703,0.729419469833374,0.5139670372009277,0.7284740805625916,0.519734263420105,0.7261243462562561,0.5286656618118286,0.723033607006073,0.53907710313797,0.7205047607421875,0.55025315284729,0.717683732509613,0.5606237649917603,0.7142545580863953,0.5696830153465271,0.7109772562980652,0.5769907832145691,0.7092419862747192,0.5813722610473633,0.7086186408996582,0.5861755609512329,0.7060722708702087,0.5925546884536743,0.7069990038871765,0.5891122817993164,0.7152833938598633,0.583889365196228,0.7237952947616577,0.5759379267692566,0.7357284426689148,0.5651835799217224,0.7455946803092957,0.5526617169380188,0.7504927515983582,0.5390996336936951,0.75309818983078,0.526144802570343,0.7501320242881775,0.5150995850563049,0.7439631819725037,0.5073816776275635,0.7395616769790649,0.5018667578697205,0.7340063452720642
thumbs_up,0.5052522420883179,0.7280622720718384,0.5118312239646912,0.7265244126319885,0.5177828073501587,0.7238686084747314,0.5270363092422485,0.7204729318618774,0.5377307534217834,0.71779865026474,0.5490535497665405,0.715022623538971,0.5596611499786377,0.7117277979850769,0.5690894722938538,0.7086398601531982,0.5768354535102844,0.7072272300720215,0.5815628170967102,0.7069241404533386,0.5867652297019958,0.704950749874115,0.59280925989151,0.7058132886886597,0.5888880491256714,0.7135219573974609,0.5831312537193298,0.721300482749939,0.5747102499008179,0.7324239611625671,0.563690721988678,0.7417625188827515,0.5511556267738342,0.7463172078132629,0.5377021431922913,0.7489820718765259,0.5246907472610474,0.7464262247085571,0.5134914517402649,0.7409446239471436,0.5055553317070007,0.7372898459434509,0.4998522102832794,0.7323324084281921
thumbs_up,0.49979063868522644,0.7219904065132141,0.5063420534133911,0.7209158539772034,0.5121701955795288,0.7186477184295654,0.52130526304245,0.7157518267631531,0.5319826602935791,0.7134762406349182,0.5434143543243408,0.7108908295631409,0.5542843341827393,0.7075128555297852,0.5639489889144897,0.7041978240013123,0.5719431042671204,0.702540934085846,0.5768322944641113,0.7019888162612915,0.5822212100028992,0.6997196674346924,0.5883209705352783,0.7003284692764282,0.5843284130096436,0.7084152102470398,0.5784734487533569,0.7166239023208618,0.5698446035385132,0.7281650900840759,0.5585542321205139,0.7377868890762329,0.545656681060791,0.7425135374069214,0.531958281993866,0.7449400424957275,0.5188807845115662,0.7418890595436096,0.5077404975891113,0.7357378005981445,0.4998684525489807,0.7313691973686218,0.49415457248687744,0.7259313464164734
thumbs_up,0.5031397938728333,0.7318861484527588,0.5092862248420715,0.7323945760726929,0.5147033929824829,0.7310584783554077,0.5232400298118591,0.729095995426178,0.533409059047699,0.7274283170700073,0.5446532964706421,0.7250235676765442,0.5551623106002808,0.7212886214256287,0.5640954375267029,0.7174198627471924,0.5712363719940186,0.7149080634117126,0.5754731297492981,0.7135273814201355,0.5801482796669006,0.7097954154014587,0.5868896842002869,0.7107068300247192,0.5838831663131714,0.720102846622467,0.579128086566925,0.7302467226982117,0.5714355707168579,0.7440046668052673,0.560529887676239,0.7552507519721985,0.5473113059997559,0.7607717514038086,0.5330526828765869,0.7628622651100159,0.5199275016784668,0.7583267688751221,0.509214460849762,0.7499639391899109,0.5020142793655396,0.7435312271118164,0.4969172179698944,0.7366175055503845
thumbs_up,0.5043298006057739,0.7309176921844482,0.5106357932090759,0.7308390140533447,0.5162016153335571,0.7291664481163025,0.5249539017677307,0.7268904447555542,0.5353253483772278,0.7249563932418823,0.546654999256134,0.722451388835907,0.5573645234107971,0.7188272476196289,0.5666240453720093,0.7151287794113159,0.5741059184074402,0.7128048539161682,0.5785772800445557,0.711650013923645,0.5835063457489014,0.7083980441093445,0.5900093913078308,0.7091559767723083,0.5866407155990601,0.7180581092834473,0.581451952457428,0.7274222373962402,0.5733685493469238,0.7403071522712708,0.5622869729995728,0.7509612441062927,0.5491670966148376,0.7561852335929871,0.5351298451423645,0.7584243416786194,0.5220415592193604,0.7545180916786194,0.5111439824104309,0.7471407651901245,0.503700315952301,0.7416378855705261,0.4983645975589752,0.7353216409683228
thumbs_up,0.5023773312568665,0.7267640829086304,0.5089221596717834,0.7253402471542358,0.5147632360458374,0.72282475233078,0.5239200592041016,0.719675600528717,0.5346077084541321,0.7172293663024902,0.5460107326507568,0.7146005034446716,0.556837797164917,0.711401641368866,0.5665489435195923,0.7083454132080078,0.5746009945869446,0.7069541811943054,0.5795644521713257,0.7066735625267029,0.5850030779838562,0.7047871351242065,0.5909799337387085,0.7054494619369507,0.5868790149688721,0.713284969329834,0.5808624625205994,0.7210600972175598,0.5721258521080017,0.7321455478668213,0.5608505606651306,0.7414001226425171,0.5481014251708984,0.7458274364471436,0.534565806388855,0.7483111023902893,0.5215793251991272,0.7454975843429565,0.5104666948318481,0.7397750020027161,0.5025771260261536,0.7358424663543701,0.49682536721229553,0.7306578755378723
thumbs_up,0.5049589276313782,0.7291961312294006,0.5111129283905029,0.7283616662025452,0.5165513753890991,0.7261493802070618,0.525124728679657,0.7232488393783569,0.5352517366409302,0.7209540605545044,0.5462659597396851,0.718375563621521,0.5567007660865784,0.7150123715400696,0.5657694935798645,0.7118359804153442,0.5730761885643005,0.7102369070053101,0.5774484276771545,0.7097418904304504,0.5822574496269226,0.7073410153388977,0.5887271165847778,0.7085877060890198,0.58551025390625,0.716683030128479,0.5804547071456909,0.7250912189483643,0.5725386142730713,0.7372010350227356,0.5616390705108643,0.7473769783973694,0.5487864017486572,0.752322793006897,0.5350695252418518,0.7546615600585938,0.5222106575965881,0.751129150390625,0.5115036368370056,0.7444019913673401,0.5042670965194702,0.739651083946228,0.4991518259048462,0.733982264995575
one,0.49956047534942627,0.7227439284324646,0.5064865946769714,0.721635639667511,0.5126928091049194,0.7194226980209351,0.5223471522331238,0.7167447805404663,0.5335766077041626,0.7146358489990234,0.5454915165901184,0.7121030688285828,0.5569407939910889,0.7088836431503296,0.5672973394393921,0.7055364847183228,0.5759809613227844,0.703726053237915,0.581371009349823,0.7030603885650635,0.5872586369514465,0.7008408904075623,0.5932407379150391,0.7008711099624634,0.5885345339775085,0.7090601921081543,0.58185213804245,0.7170571684837341,0.5723825693130493,0.7280266284942627,0.5605612397193909,0.7370319366455078,0.5474415421485901,0.7412840723991394,0.5336665511131287,0.7436838746070862,0.5203273296356201,0.740935206413269,0.5087093114852905,0.7352666854858398,0.5002414584159851,0.7312723398208618,0.4939233064651489,0.7258530855178833
one,0.4998573362827301,0.7151631712913513,0.5069089531898499,0.7139506340026855,0.5132325291633606,0.7116338014602661,0.5230368375778198,0.708936333656311,0.5343608856201172,0.7067714333534241,0.5463405251502991,0.7041693329811096,0.5578099489212036,0.7008705735206604,0.5681910514831543,0.6974257826805115,0.5768686532974243,0.695470929145813,0.5822610855102539,0.6947523951530457,0.5881420373916626,0.6924856901168823,0.5941254496574402,0.6922269463539124,0.5893177390098572,0.7004913091659546,0.5825669765472412,0.7085908651351929,0.5730777978897095,0.7195523381233215,0.561291515827179,0.7284896373748779,0.5482578873634338,0.73280930519104,0.5345178842544556,0.735236644744873,0.521146297454834,0.7327103614807129,0.5094130635261536,0.7272324562072754,0.5007993578910828,0.7233484387397766,0.494329035282135,0.7180393934249878
one,0.49991098046302795,0.7155343294143677,0.5071163773536682,0.7164570093154907,0.5133855938911438,0.7153809070587158,0.523174524307251,0.7138621807098389,0.5346348881721497,0.7125186920166016,0.5471609234809875,0.710187554359436,0.5588867664337158,0.7064746618270874,0.5690423846244812,0.7023797631263733,0.5773029923439026,0.6994393467903137,0.5822715163230896,0.6977486610412598,0.587784469127655,0.6935704350471497,0.5945214033126831,0.6930946111679077,0.5903907418251038,0.7034778594970703,0.5843325257301331,0.7139083743095398,0.5752919912338257,0.7272362112998962,0.5633501410484314,0.7378348112106323,0.5493937730789185,0.7429364323616028,0.5343987941741943,0.7449703216552734,0.5203691720962524,0.7407404184341431,0.5084266066551208,0.7327417135238647,0.49985259771347046,0.7261654734611511,0.49354419112205505,0.7185052037239075
one,0.5031724572181702,0.7201329469680786,0.5099945664405823,0.7199227809906006,0.5160484313964844,0.7181676030158997,0.5254495739936829,0.715839147567749,0.5364519953727722,0.7138979434967041,0.5483430027961731,0.7113593816757202,0.5594854950904846,0.7078014016151428,0.5692368149757385,0.7041561603546143,0.5771684050559998,0.7018263339996338,0.5819483399391174,0.7006875872612,0.5872041583061218,0.6974957585334778,0.5936713218688965,0.6977609992027283,0.5897965431213379,0.7068257927894592,0.5840381979942322,0.7160219550132751,0.5753902792930603,0.7284232974052429,0.5639040470123291,0.738530695438385,0.5505694150924683,0.7434439659118652,0.5362572073936462,0.7457743287086487,0.5227393507957458,0.7422318458557129,0.5112345814704895,0.7353411912918091,0.5030972957611084,0.7301727533340454,0.4971897006034851,0.7238752245903015
one,0.5026930570602417,0.719566822052002,0.509661853313446,0.7196127772331238,0.5158205628395081,0.7180342674255371,0.5254080891609192,0.7160173058509827,0.5365752577781677,0.7144445776939392,0.5486499667167664,0.712267279624939,0.5600354671478271,0.7090394496917725,0.5699959397315979,0.7056699395179749,0.5781154036521912,0.7036087512969971,0.5830179452896118,0.7026546001434326,0.5884168744087219,0.699626624584198,0.594947338104248,0.6998971104621887,0.5908573865890503,0.7089474201202393,0.5848661065101624,0.7179990410804749,0.5759566426277161,0.7301034331321716,0.564227819442749,0.7398266196250916,0.5506810545921326,0.7443436980247498,0.5362296104431152,0.7462556958198547,0.5225887894630432,0.7423569560050964,0.5109540224075317,0.735115110874176,0.5026675462722778,0.7295818328857422,0.49663737416267395,0.7229204177856445
one,0.5008760094642639,0.7134514451026917,0.5082340240478516,0.7141194343566895,0.514707624912262,0.7130460739135742,0.5247598886489868,0.7116453051567078,0.5364409685134888,0.710420548915863,0.5490596890449524,0.7082374691963196,0.560904860496521,0.7045926451683044,0.5712456703186035,0.7005231976509094,0.579696774482727,0.697562038898468,0.5848141312599182,0.6958829760551453,0.5904542803764343,0.6920220851898193,0.5970309376716614,0.6915243864059448,0.5926018357276917,0.7015324234962463,0.5862506628036499,0.7116285562515259,0.5769785046577454,0.724552571773529,0.5649571418762207,0.7347941398620605,0.5510690212249756,0.7396886944770813,0.5361860990524292,0.7415977120399475,0.5221347808837891,0.7374886274337769,0.5100196003913879,0.7297086715698242,0.5012173652648926,0.723457396030426,0.49469122290611267,0.716132402420044
one,0.5038490295410156,0.7161588668823242,0.5107305645942688,0.7144503593444824,0.5169325470924377,0.7117589712142944,0.5265383720397949,0.7085179090499878,0.5375916361808777,0.7060565948486328,0.5492349863052368,0.7034350633621216,0.5603123903274536,0.7004239559173584,0.5703634023666382,0.6975711584091187,0.5787292718887329,0.6963244080543518,0.5838965773582458,0.6961748600006104,0.589557409286499,0.6945765614509583,0.595441997051239,0.6948738694190979,0.5909148454666138,0.7023151516914368,0.5844556093215942,0.7094113230705261,0.5752730369567871,0.7195139527320862,0.563775897026062,0.7278767228126526,0.5510812401771545,0.7318459749221802,0.5376550555229187,0.7343934774398804,0.5245288014411926,0.732183575630188,0.5130085349082947,0.7273564338684082,0.5046291351318359,0.7242088913917542,0.49845457077026367,0.7194638848304749
one,0.5040509104728699,0.7165078520774841,0.5111936926841736,0.7167432904243469,0.5174696445465088,0.7153008580207825,0.5272541642189026,0.7133408188819885,0.5386538505554199,0.7117041945457458,0.5509977340698242,0.7093325257301331,0.5625185966491699,0.7056559324264526,0.5725095868110657,0.7018035650253296,0.580605685710907,0.6991860866546631,0.585446834564209,0.6977944374084473,0.5908188223838806,0.6942508220672607,0.5974717140197754,0.6942424178123474,0.5934970378875732,0.7037947177886963,0.5876091122627258,0.7134695649147034,0.5787683129310608,0.7263274788856506,0.5669909119606018,0.7366964221000671,0.5532411336898804,0.7416986227035522,0.5384249687194824,0.7438859343528748,0.5244588255882263,0.7399594187736511,0.5125488042831421,0.7325201034545898,0.5040525197982788,0.7267406582832336,0.49790042638778687,0.7198691964149475
one,0.5040783286094666,0.7143758535385132,0.5109608173370361,0.712761640548706,0.5171624422073364,0.7101160883903503,0.5267862677574158,0.7069557309150696,0.5378528237342834,0.7045576572418213,0.5495359897613525,0.7019790410995483,0.5605868101119995,0.6989200711250305,0.5705739259719849,0.6959986686706543,0.5788784027099609,0.6946842074394226,0.5839979648590088,0.6944823861122131,0.5895885825157166,0.6928004622459412,0.5954782962799072,0.693085253238678,0.5910091400146484,0.7006565928459167,0.5846532583236694,0.7079426646232605,0.5755787491798401,0.7183076739311218,0.5641192197799683,0.72684645652771,0.5513847470283508,0.7309520840644836,0.5378348231315613,0.7334169745445251,0.5246654152870178,0.7310454249382019,0.5131667852401733,0.7259541153907776,0.5048334002494812,0.7225939631462097,0.49869170784950256,0.717721164226532
one,0.5037181973457336,0.7201108932495117,0.5106332302093506,0.7189490795135498,0.5168514847755432,0.7167031764984131,0.5264964699745178,0.7139801383018494,0.5376101732254028,0.7118940353393555,0.5493721961975098,0.7094596028327942,0.5605693459510803,0.706344485282898,0.5706366300582886,0.7032087445259094,0.5789904594421387,0.7015417814254761,0.584121823310852,0.7010031342506409,0.5897208452224731,0.6989325284957886,0.5956827402114868,0.6992362141609192,0.5912161469459534,0.7071183323860168,0.5848099589347839,0.7148216962814331,0.5756515860557556,0.7255801558494568,0.5640786290168762,0.7343891859054565,0.5511605739593506,0.7385303378105164,0.5374966263771057,0.7408353686332703,0.5242733955383301,0.7380561232566833,0.5127455592155457,0.7324471473693848,0.5043919682502747,0.7286245226860046,0.4982398748397827,0.7233802080154419
two,0.49729621410369873,0.7341418266296387,0.5040329694747925,0.7340579032897949,0.5100796818733215,0.7327619791030884,0.5194857716560364,0.7314346432685852,0.5304403305053711,0.7307599782943726,0.5422315001487732,0.7296983599662781,0.553604006767273,0.7275832891464233,0.563811719417572,0.7252256274223328,0.5723264813423157,0.7241144776344299,0.5776153206825256,0.7238173484802246,0.5834513902664185,0.722077488899231,0.5895276069641113,0.7227447628974915,0.5847486257553101,0.7304874062538147,0.5780758857727051,0.7380930185317993,0.5685194134712219,0.7484610676765442,0.5566103458404541,0.7565668225288391,0.5433225035667419,0.7597103118896484,0.5294989347457886,0.7603836059570312,0.5164237022399902,0.7558062672615051,0.5053172707557678,0.7483646869659424,0.49731993675231934,0.7429351806640625,0.4914766252040863,0.736662745475769
two,0.5092149972915649,0.7231637835502625,0.5152636170387268,0.7222737669944763,0.5206286907196045,0.7199793457984924,0.5290648341178894,0.717135488986969,0.5390195846557617,0.71514493227005,0.549847424030304,0.7130245566368103,0.560026228427887,0.7103480100631714,0.5688871741294861,0.7079031467437744,0.575989305973053,0.7071093916893005,0.5802738666534424,0.7071883082389832,0.5849714279174805,0.7054774165153503,0.5912582278251648,0.7069756984710693,0.5880061388015747,0.7144559025764465,0.5829617381095886,0.7219768166542053,0.5751034617424011,0.7330219149589539,0.5643556714057922,0.7421547174453735,0.5518044233322144,0.7462701201438904,0.5383862853050232,0.7480875253677368,0.5258135199546814,0.744324803352356,0.5154541730880737,0.7376632690429688,0.5084129571914673,0.7330827713012695,0.503477156162262,0.7275787591934204
two,0.5130549669265747,0.7341750264167786,0.5189080834388733,0.7337817549705505,0.5240146517753601,0.7318403720855713,0.5320905447006226,0.7292155623435974,0.5417152047157288,0.727314829826355,0.5523492097854614,0.7251667380332947,0.5623294711112976,0.7222349643707275,0.5708697438240051,0.7195266485214233,0.577642560005188,0.7184247970581055,0.5816560387611389,0.7181978821754456,0.5860536694526672,0.7159494161605835,0.5927276015281677,0.7179125547409058,0.5900129675865173,0.7258085608482361,0.5854863524436951,0.7341390252113342,0.5780794620513916,0.7462624907493591,0.5674985647201538,0.7563047409057617,0.5547966361045837,0.7609836459159851,0.5411799550056458,0.7626748085021973,0.5286128520965576,0.7582992315292358,0.5184250473976135,0.7507154941558838,0.5117232203483582,0.745303750038147,0.5071584582328796,0.7393472790718079
two,0.5127679705619812,0.7301526665687561,0.5185787081718445,0.7295354604721069,0.5237292647361755,0.7275199890136719,0.5318494439125061,0.7249466776847839,0.5415138006210327,0.7230756878852844,0.5520539879798889,0.7209605574607849,0.562109112739563,0.7181875705718994,0.5708540081977844,0.7155078053474426,0.5778660178184509,0.7143949866294861,0.5820870399475098,0.7141936421394348,0.5866897106170654,0.712194561958313,0.5930057168006897,0.7138416171073914,0.5898885130882263,0.7214445471763611,0.5849809050559998,0.7292727828025818,0.5772736072540283,0.7407138347625732,0.5666716694831848,0.7502000331878662,0.5542628765106201,0.7544681429862976,0.5411034226417542,0.7562568187713623,0.5287963151931763,0.7522902488708496,0.5186550617218018,0.7452938556671143,0.5118260979652405,0.7404491901397705,0.5070415139198303,0.7347767353057861
two,0.510153591632843,0.7338176369667053,0.5163099765777588,0.7330542802810669,0.5217651128768921,0.7311395406723022,0.5303061604499817,0.7287978529930115,0.5403653979301453,0.7270392179489136,0.5512461066246033,0.7249463200569153,0.5617133975028992,0.7220635414123535,0.5709837079048157,0.7191605567932129,0.5785920023918152,0.7176855206489563,0.5832384824752808,0.7172192931175232,0.5882901549339294,0.7151787877082825,0.5943455100059509,0.716399610042572,0.590636670589447,0.7240966558456421,0.5850543975830078,0.7319536805152893,0.5767132043838501,0.7431499361991882,0.5657474398612976,0.7523602247238159,0.5532009601593018,0.7565213441848755,0.5399883389472961,0.7583900094032288,0.527518630027771,0.7546955943107605,0.5170770883560181,0.7480463981628418,0.5098297595977783,0.7434225678443909,0.5045885443687439,0.737946629524231
two,0.5110068321228027,0.7321436405181885,0.5172528028488159,0.730681836605072,0.5228617787361145,0.7283077836036682,0.5315787196159363,0.7254406809806824,0.5417898893356323,0.7233433723449707,0.5526626706123352,0.7211105823516846,0.5631182193756104,0.7184501886367798,0.5725417733192444,0.7159047722816467,0.5803458094596863,0.71494060754776,0.5851543545722961,0.714914083480835,0.590381383895874,0.7135088443756104,0.5962002277374268,0.7147364020347595,0.5922130942344666,0.7217538356781006,0.5863430500030518,0.7286851406097412,0.5777547955513,0.738856852054596,0.5667383670806885,0.7473270893096924,0.554427981376648,0.751072108745575,0.5414983034133911,0.7531521916389465,0.5290752053260803,0.7501392960548401,0.5184849500656128,0.7445153594017029,0.5110492706298828,0.7408958673477173,0.5056546926498413,0.7361435890197754
two,0.5101863741874695,0.7132884860038757,0.5168384909629822,0.7124127149581909,0.5228260159492493,0.710458517074585,0.5321288704872131,0.708113431930542,0.5429319739341736,0.7062563896179199,0.554429829120636,0.7039565443992615,0.5653442740440369,0.700772762298584,0.5750980377197266,0.6974548101425171,0.5832228064537048,0.6955286264419556,0.5882160663604736,0.6947457790374756,0.593685507774353,0.6924365758895874,0.5994799733161926,0.6928107738494873,0.5951914191246033,0.7006964087486267,0.5890118479728699,0.7086194157600403,0.5801694393157959,0.7196393609046936,0.5688899755477905,0.7287023663520813,0.55620938539505,0.732961893081665,0.5427484512329102,0.7351047396659851,0.5298187732696533,0.731967031955719,0.5187075734138489,0.7259601950645447,0.5107000470161438,0.7218722105026245,0.5048348307609558,0.7166160941123962
two,0.5190713405609131,0.7283930778503418,0.5250113010406494,0.7281596660614014,0.5302912592887878,0.7263885736465454,0.5385894775390625,0.7240749597549438,0.5484296679496765,0.7223809957504272,0.5592179298400879,0.7203912138938904,0.5694028735160828,0.7175031900405884,0.5781649351119995,0.7147205471992493,0.585120677947998,0.7133747339248657,0.5892541408538818,0.7129623293876648,0.5938000082969666,0.7105473875999451,0.6003402471542358,0.7122983336448669,0.5973072648048401,0.7203066945075989,0.5925037264823914,0.7286779284477234,0.5848246812820435,0.7406935691833496,0.5740724205970764,0.7505485415458679,0.5613160729408264,0.7549878358840942,0.5476984977722168,0.7566274404525757,0.5351008176803589,0.7522414326667786,0.5248047709465027,0.7446377277374268,0.5179324150085449,0.7392348647117615,0.5131732821464539,0.7331658601760864
two,0.5200577974319458,0.7284302711486816,0.5258733630180359,0.7275648713111877,0.5311020016670227,0.7253250479698181,0.5393363237380981,0.7224169969558716,0.5490772724151611,0.7202932834625244,0.5596981048583984,0.7181515693664551,0.569750189781189,0.7154093980789185,0.578485369682312,0.7129961848258972,0.585475742816925,0.7121530175209045,0.5896545648574829,0.7121784090995789,0.5942723751068115,0.7103114724159241,0.6007107496261597,0.7123846411705017,0.5976429581642151,0.7199332118034363,0.5927753448486328,0.7276831865310669,0.5850437879562378,0.7391040325164795,0.5743245482444763,0.7485632300376892,0.561721920967102,0.7527616024017334,0.5482985973358154,0.7546209692955017,0.5358286499977112,0.750670313835144,0.5256325006484985,0.7437663674354553,0.5189171433448792,0.7390745282173157,0.5143152475357056,0.7335108518600464
two,0.5214158296585083,0.7284682989120483,0.527110755443573,0.7276068329811096,0.5322211980819702,0.7254178524017334,0.5402754545211792,0.7225522994995117,0.5498581528663635,0.7205225825309753,0.5603411197662354,0.718488872051239,0.5703499913215637,0.715871274471283,0.5790277123451233,0.7135979533195496,0.5859352350234985,0.7128722071647644,0.5900405049324036,0.7129729390144348,0.5946160554885864,0.7112540006637573,0.6011805534362793,0.7135812640190125,0.5982294678688049,0.7208932638168335,0.5934535264968872,0.7284606695175171,0.5857601761817932,0.7397788763046265,0.5750312209129333,0.7491782307624817,0.5623937845230103,0.7532275915145874,0.5490494966506958,0.754978358745575,0.5366666316986084,0.7508604526519775,0.5266017913818359,0.7438879013061523,0.5200585126876831,0.7391848564147949,0.5156174898147583,0.7337002754211426
ok,0.4984235465526581,0.7010737061500549,0.5051775574684143,0.704341471195221,0.5110244154930115,0.70550936460495,0.5200758576393127,0.7068558931350708,0.5307983160018921,0.7077220678329468,0.542656660079956,0.7069867253303528,0.5541106462478638,0.7038645148277283,0.5640796422958374,0.6994734406471252,0.5723300576210022,0.6953116655349731,0.5773796439170837,0.6923136115074158,0.5830432772636414,0.6869688630104065,0.5891013741493225,0.6859965920448303,0.5844780206680298,0.6966910362243652,0.5780482292175293,0.7080227732658386,0.5689421892166138,0.721342921257019,0.5573937296867371,0.7313603758811951,0.5441274046897888,0.7356641888618469,0.5303134322166443,0.7358355522155762,0.5175201892852783,0.7299341559410095,0.5065888166427612,0.7198635339736938,0.4984816610813141,0.711152970790863,0.4923521876335144,0.7021625638008118
ok,0.5009304285049438,0.6954540610313416,0.5071099996566772,0.6954360008239746,0.5126502513885498,0.694325864315033,0.52120441198349,0.6931667923927307,0.5312782526016235,0.6924092769622803,0.5420777201652527,0.6911088228225708,0.5526219010353088,0.6888979077339172,0.5622078776359558,0.6862537264823914,0.5703129768371582,0.6846871376037598,0.5753667950630188,0.683969259262085,0.5809090733528137,0.6819351315498352,0.5863548517227173,0.6823033690452576,0.5818257927894592,0.6897234916687012,0.5754848122596741,0.6971884965896606,0.5665171146392822,0.7070003151893616,0.5555368065834045,0.7146689295768738,0.5434846878051758,0.717741847038269,0.5310324430465698,0.7187623977661133,0.5191106200218201,0.7150033712387085,0.5088076591491699,0.7083710432052612,0.5012773871421814,0.7034664750099182,0.4956669807434082,0.6977783441543579
ok,0.5207306742668152,0.6911931037902832,0.5276157259941101,0.6965199112892151,0.5334469676017761,0.698664665222168,0.5424155592918396,0.7006813883781433,0.5531116724014282,0.7016947269439697,0.565220057964325,0.7005059719085693,0.5766383409500122,0.6964775919914246,0.5861490368843079,0.6909244656562805,0.5938133001327515,0.6853209137916565,0.5983749628067017,0.6809605956077576,0.6035498380661011,0.6730246543884277,0.6100900769233704,0.6718922853469849,0.6062867641448975,0.6847840547561646,0.6007920503616333,0.6984027624130249,0.5924540162086487,0.7142312526702881,0.5811123251914978,0.7263020277023315,0.5673606991767883,0.7320044040679932,0.5527238249778748,0.7326005101203918,0.539428174495697,0.726004421710968,0.5282965898513794,0.7144208550453186,0.5202383399009705,0.7038521766662598,0.514207661151886,0.6930863857269287
ok,0.5241076946258545,0.6893145442008972,0.5304069519042969,0.6908115744590759,0.5358812212944031,0.6904906034469604,0.5443771481513977,0.689937174320221,0.5545129179954529,0.6892949938774109,0.5656958222389221,0.6874780654907227,0.5763644576072693,0.6840898394584656,0.5855920910835266,0.6800586581230164,0.5931379795074463,0.6768171787261963,0.5976642966270447,0.6747403740882874,0.6027287244796753,0.6704731583595276,0.6089188456535339,0.6702240705490112,0.605183482170105,0.6799052953720093,0.5997052788734436,0.6901851296424866,0.5914573669433594,0.7030752897262573,0.5806106328964233,0.7132132649421692,0.5679239630699158,0.7179940342903137,0.55452561378479,0.7193707227706909,0.5419952869415283,0.7148486971855164,0.5313271284103394,0.70646733045578,0.5236937999725342,0.6995162963867188,0.518064558506012,0.6921110153198242
ok,0.5224287509918213,0.6905404329299927,0.5287408232688904,0.6923421621322632,0.5342009663581848,0.6921566724777222,0.5426883101463318,0.6916943192481995,0.5528051853179932,0.691100537776947,0.5640184879302979,0.6892597675323486,0.574676513671875,0.6857918500900269,0.5838231444358826,0.681624174118042,0.5912802219390869,0.6782151460647583,0.5957187414169312,0.6759746074676514,0.600698709487915,0.6713652610778809,0.6070122718811035,0.6710430979728699,0.6034001708030701,0.6810864806175232,0.5980769395828247,0.6917338371276855,0.5899509191513062,0.7050230503082275,0.5791247487068176,0.71543949842453,0.5663542747497559,0.7204040288925171,0.5528160929679871,0.7217794060707092,0.5402048230171204,0.7170758843421936,0.5295090675354004,0.708402156829834,0.521902859210968,0.7011182308197021,0.5163275003433228,0.6933898329734802
ok,0.5207859873771667,0.6851708292961121,0.5271260142326355,0.6847867369651794,0.5327780246734619,0.6833034157752991,0.5415231585502625,0.6815608143806458,0.5517972707748413,0.6801393628120422,0.5627979636192322,0.6780753135681152,0.5734801888465881,0.675150454044342,0.5831587314605713,0.6718165874481201,0.5913634896278381,0.6696476936340332,0.5964510440826416,0.6685602068901062,0.6020386219024658,0.6660304069519043,0.6075885891914368,0.6659741997718811,0.6031283140182495,0.6739087700843811,0.5968019962310791,0.6820285320281982,0.5878903865814209,0.6926127672195435,0.5768899321556091,0.7011096477508545,0.5647424459457397,0.7050065994262695,0.5521071553230286,0.7068355679512024,0.5398805141448975,0.70383620262146,0.5291838049888611,0.6977976560592651,0.5213170647621155,0.6932833790779114,0.5154240727424622,0.6877972483634949
ok,0.5205212831497192,0.6870242953300476,0.5269733667373657,0.6868547201156616,0.532717227935791,0.6855120062828064,0.5416062474250793,0.6838276386260986,0.5520419478416443,0.6823858618736267,0.5632342100143433,0.680229663848877,0.574144184589386,0.6770710945129395,0.5840123295783997,0.6734966039657593,0.5924053192138672,0.6710132360458374,0.5976094007492065,0.6696475744247437,0.6033474802970886,0.6667302846908569,0.6090211868286133,0.6665318012237549,0.604496955871582,0.6748781204223633,0.5980627536773682,0.6834779977798462,0.5889962315559387,0.6945245265960693,0.5777864456176758,0.7034152150154114,0.5653294920921326,0.7075986266136169,0.5524243116378784,0.7095462679862976,0.539961576461792,0.70649254322052,0.5290496945381165,0.7002764344215393,0.5210529565811157,0.6954654455184937,0.5150718688964844,0.6897054314613342
ok,0.5213446617126465,0.6835502982139587,0.5277631878852844,0.6847975254058838,0.5333253741264343,0.6843041777610779,0.542006254196167,0.6835157871246338,0.5523094534873962,0.6827055215835571,0.5636630654335022,0.6808278560638428,0.5745999217033386,0.6773585677146912,0.5841321349143982,0.6733300685882568,0.5920004844665527,0.6701517701148987,0.596725583076477,0.6681070327758789,0.6020032167434692,0.6639416217803955,0.6082707643508911,0.6638378500938416,0.6044439673423767,0.6734828948974609,0.5987659692764282,0.683721661567688,0.5902648568153381,0.6966567039489746,0.5791005492210388,0.7069196105003357,0.5660766363143921,0.7117560505867004,0.5524337291717529,0.7132681012153625,0.5396462082862854,0.7088090777397156,0.5287495851516724,0.7005588412284851,0.5209854245185852,0.6937919855117798,0.5153040289878845,0.6865055561065674
ok,0.5218214988708496,0.6807993650436401,0.5282401442527771,0.6802892088890076,0.5339778661727905,0.6786393523216248,0.5428298711776733,0.6765623092651367,0.553205132484436,0.6748230457305908,0.5643119215965271,0.6725615859031677,0.5750916600227356,0.6694871187210083,0.5848273634910583,0.6661816835403442,0.5930856466293335,0.6640629172325134,0.5981947183609009,0.6630167961120605,0.6038246750831604,0.660412073135376,0.609446108341217,0.6604521870613098,0.6050492525100708,0.6684707999229431,0.5987314581871033,0.6765781044960022,0.5897888541221619,0.6871791481971741,0.5786952376365662,0.6958075761795044,0.5663414597511292,0.6998429298400879,0.553503692150116,0.7019791603088379,0.5411017537117004,0.6992051601409912,0.5302436351776123,0.693485677242279,0.5223330855369568,0.6891621351242065,0.5164443850517273,0.6837136745452881
ok,0.5273467898368835,0.6822285056114197,0.5338197946548462,0.6855542063713074,0.5392788648605347,0.6862536668777466,0.5477825403213501,0.6865837574005127,0.5579956769943237,0.6864603757858276,0.5695489645004272,0.6847108006477356,0.5804128646850586,0.6807741522789001,0.5894469618797302,0.6760293245315552,0.5966491103172302,0.6718125939369202,0.6008277535438538,0.6687686443328857,0.6055547595024109,0.6626126170158386,0.6122292280197144,0.6624250411987305,0.6091802716255188,0.6737288236618042,0.6043850183486938,0.6857847571372986,0.5966463685035706,0.7007400393486023,0.5856894850730896,0.7125179171562195,0.57227623462677,0.7182201147079468,0.5578696727752686,0.7195037007331848,0.5447533130645752,0.7137057781219482,0.5339140295982361,0.7034241557121277,0.5263688564300537,0.6945849657058716,0.5209166407585144,0.6854732036590576
ok,0.5266352295875549,0.6761513948440552,0.5332476496696472,0.6791377663612366,0.5389221906661987,0.6797611117362976,0.5477600693702698,0.6801561117172241,0.558305561542511,0.6801450848579407,0.5701003670692444,0.6785867810249329,0.581230640411377,0.6749277114868164,0.5906849503517151,0.6703325510025024,0.5983202457427979,0.6662386655807495,0.6028376221656799,0.6633352637290955,0.6079525351524353,0.6576632261276245,0.6144108176231384,0.657109260559082,0.6107122898101807,0.668051540851593,0.6052514910697937,0.6796118021011353,0.5968967080116272,0.6937726736068726,0.5856664776802063,0.7048076391220093,0.5722976922988892,0.7099975347518921,0.5581144690513611,0.7110496163368225,0.5450075268745422,0.7056064605712891,0.5339271426200867,0.6958417892456055,0.5260112881660461,0.6874541640281677,0.5202023386955261,0.6786461472511292
ok,0.5299352407455444,0.6770362257957458,0.5365601181983948,0.6788015365600586,0.5422955751419067,0.6785911321640015,0.5512024760246277,0.6780687570571899,0.5617402791976929,0.6773439049720764,0.5733240246772766,0.6753795146942139,0.5842816233634949,0.6717421412467957,0.5937230587005615,0.6674373745918274,0.6014398336410522,0.6639031767845154,0.6060091257095337,0.6615797877311707,0.6110888719558716,0.6568612456321716,0.6174100637435913,0.6563614010810852,0.6136955618858337,0.6664796471595764,0.6081895232200623,0.6771735548973083,0.5998426079750061,0.6904653906822205,0.5887596011161804,0.7009633779525757,0.5757354497909546,0.7059995532035828,0.5618586540222168,0.7075603008270264,0.5488580465316772,0.703041672706604,0.5377227663993835,0.6945294737815857,0.5297132134437561,0.6874341368675232,0.5238394737243652,0.6797488331794739
thumbs_up,0.5330010652542114,0.6788800358772278,0.5392431616783142,0.6778669357299805,0.5448358654975891,0.6759070158004761,0.5535226464271545,0.6734851002693176,0.5637114644050598,0.6715121269226074,0.574586033821106,0.6691612005233765,0.5849345922470093,0.6660623550415039,0.594211220741272,0.6628826260566711,0.6019135117530823,0.6610627770423889,0.6065933108329773,0.6603320837020874,0.6117668151855469,0.658185601234436,0.617474377155304,0.6586577296257019,0.6135475039482117,0.6661770939826965,0.6077889204025269,0.6739462614059448,0.5994430184364319,0.6846428513526917,0.5887356996536255,0.6934862732887268,0.5767052173614502,0.697714626789093,0.56395024061203,0.6998597383499146,0.5516263246536255,0.6970366835594177,0.5409579873085022,0.691278874874115,0.5333477854728699,0.6873118281364441,0.5277911424636841,0.6823537349700928
thumbs_up,0.5342742800712585,0.6815871596336365,0.5407212376594543,0.6812314987182617,0.5464830994606018,0.6798233985900879,0.5553399324417114,0.6779919862747192,0.5656735897064209,0.6765403747558594,0.576737105846405,0.6745429635047913,0.5873144865036011,0.6716840863227844,0.5967522859573364,0.6685848832130432,0.604649007320404,0.6665769815444946,0.6094918251037598,0.6655956506729126,0.6148890256881714,0.6631131768226624,0.6205899715423584,0.6635540127754211,0.6164243221282959,0.671356201171875,0.6104437708854675,0.6794149875640869,0.601815938949585,0.6901382803916931,0.5909096002578735,0.698784351348877,0.5786032676696777,0.7027106285095215,0.5656450986862183,0.7044566869735718,0.5532338619232178,0.7011502385139465,0.5424510836601257,0.6948135495185852,0.5346585512161255,0.69017493724823,0.5289598107337952,0.6845622062683105
thumbs_up,0.5365179777145386,0.6878176927566528,0.5428785085678101,0.6876990795135498,0.5485553741455078,0.6863936185836792,0.5573278069496155,0.6846676468849182,0.5675732493400574,0.6833046078681946,0.5786155462265015,0.6813948750495911,0.5891004204750061,0.6784868836402893,0.598363995552063,0.6753705739974976,0.6060507893562317,0.6733236908912659,0.6107321381568909,0.672285795211792,0.6159441471099854,0.6696213483810425,0.6217316389083862,0.6703113913536072,0.617841362953186,0.6782158613204956,0.6121456027030945,0.6864297986030579,0.60378098487854,0.6974830031394958,0.5929564833641052,0.7064793705940247,0.5805307626724243,0.7105185985565186,0.5673762559890747,0.7122499346733093,0.554917573928833,0.7085951566696167,0.5442333221435547,0.701837420463562,0.5366407036781311,0.6969128251075745,0.5311411023139954,0.6911009550094604
thumbs_up,0.5374884009361267,0.6855485439300537,0.5436779260635376,0.6853722333908081,0.5491899847984314,0.6840108633041382,0.557682454586029,0.6822576522827148,0.5676363706588745,0.680863082408905,0.5783872008323669,0.6789246797561646,0.5885712504386902,0.6761400103569031,0.5975593328475952,0.673145592212677,0.6049975156784058,0.6712831258773804,0.6095151901245117,0.6703957319259644,0.6145328879356384,0.667909562587738,0.6203212141990662,0.6687374114990234,0.616595447063446,0.6764440536499023,0.6111320853233337,0.6844770908355713,0.6030304431915283,0.695349395275116,0.5924810171127319,0.7041774392127991,0.5803842544555664,0.7082118988037109,0.5675268173217773,0.7098791003227234,0.555341362953186,0.706303596496582,0.5448901653289795,0.6996228098869324,0.5374758243560791,0.6946849822998047,0.5321179628372192,0.6889901757240295
thumbs_up,0.5371065139770508,0.687696099281311,0.5434263348579407,0.687386691570282,0.5490530729293823,0.6860763430595398,0.5577292442321777,0.6844725012779236,0.5678920149803162,0.6832402348518372,0.5787648558616638,0.6813837885856628,0.5891867876052856,0.6786572337150574,0.5985089540481567,0.6755368113517761,0.6062804460525513,0.6735268235206604,0.6110526919364929,0.6725369691848755,0.6163596510887146,0.6701754927635193,0.6219311952590942,0.6706196069717407,0.6177605390548706,0.6782425045967102,0.6118307709693909,0.6862499117851257,0.6033193469047546,0.6969072818756104,0.5925820469856262,0.7054550647735596,0.5805191397666931,0.7092580199241638,0.5678362250328064,0.7108328342437744,0.5556661486625671,0.707382321357727,0.5451135635375977,0.7008742094039917,0.5374631285667419,0.6961347460746765,0.5318161845207214,0.6906154155731201
thumbs_up,0.5369018912315369,0.6834021210670471,0.5432186722755432,0.683560311794281,0.5488247275352478,0.6823530197143555,0.5574918985366821,0.680706799030304,0.5676637291908264,0.6794227361679077,0.5786486864089966,0.677574872970581,0.5890393853187561,0.6748220324516296,0.5981691479682922,0.6718583703041077,0.6056762933731079,0.6700032353401184,0.6102128028869629,0.6690821051597595,0.6152979731559753,0.6663517355918884,0.6211307644844055,0.666976273059845,0.6173315644264221,0.6751207709312439,0.6118050217628479,0.6835264563560486,0.6035902500152588,0.6946424245834351,0.5928797125816345,0.7036144733428955,0.5805443525314331,0.7076050639152527,0.567426323890686,0.7091251611709595,0.555031955242157,0.7052761316299438,0.5444098114967346,0.6981671452522278,0.5368609428405762,0.6927836537361145,0.5313924551010132,0.6865302920341492
thumbs_up,0.5405858159065247,0.6775485873222351,0.5466210842132568,0.6774926781654358,0.5519790649414062,0.6760236024856567,0.5603253245353699,0.674081563949585,0.5701563358306885,0.67253577709198,0.5808228850364685,0.6705020070075989,0.5908691883087158,0.6676430106163025,0.5996509194374084,0.6646810173988342,0.6068206429481506,0.6628760099411011,0.6110931634902954,0.6620888710021973,0.6158587336540222,0.6594098806381226,0.6216785907745361,0.6601139307022095,0.618217945098877,0.6680978536605835,0.6130214929580688,0.6762923002243042,0.6052116751670837,0.6874179840087891,0.5948408842086792,0.6964452266693115,0.58284991979599,0.7005858421325684,0.5700332522392273,0.702316403388977,0.5579177737236023,0.6986974477767944,0.5476037263870239,0.691961407661438,0.5403628945350647,0.6869567036628723,0.5351582765579224,0.6810077428817749
thumbs_up,0.5397743582725525,0.6817378997802734,0.5456875562667847,0.6818200945854187,0.5509489178657532,0.6804530024528503,0.5590923428535461,0.6785364747047424,0.5687388777732849,0.6770410537719727,0.5792548060417175,0.6750614643096924,0.5892514586448669,0.672261655330658,0.5979521870613098,0.6694237589836121,0.6050216555595398,0.667689859867096,0.6092475056648254,0.6668564081192017,0.6140208840370178,0.6640713810920715,0.6200072169303894,0.6651235222816467,0.6166653633117676,0.6731014847755432,0.6116293668746948,0.681393027305603,0.6038598418235779,0.6926223039627075,0.5934627056121826,0.7017454504966736,0.5813263654708862,0.7058742046356201,0.5684592127799988,0.7075274586677551,0.5563976764678955,0.7037294507026672,0.5462228059768677,0.6967751979827881,0.5392284393310547,0.6915667653083801,0.5342521071434021,0.6855073571205139
thumbs_up,0.5393127202987671,0.6780949234962463,0.545840322971344,0.6779687404632568,0.5515789985656738,0.6765605807304382,0.5604825019836426,0.6747482419013977,0.5708994269371033,0.6732465624809265,0.5820987820625305,0.6711482405662537,0.5925753116607666,0.6680238842964172,0.601786732673645,0.6646913886070251,0.6093459129333496,0.6625071167945862,0.6138705015182495,0.6614560484886169,0.6189627647399902,0.6586169004440308,0.6247616410255432,0.6586710810661316,0.6208981871604919,0.6670226454734802,0.6152684092521667,0.6756238341331482,0.6070358157157898,0.686988890171051,0.5963277220726013,0.696179211139679,0.5840970873832703,0.7005169987678528,0.5709186792373657,0.7023218274116516,0.5583283305168152,0.6988264322280884,0.5474618077278137,0.69209223985672,0.539607048034668,0.6870129704475403,0.5338748097419739,0.680992841720581
thumbs_up,0.5384494662284851,0.6764388084411621,0.5447234511375427,0.675926685333252,0.5503696799278259,0.6743742227554321,0.5590819120407104,0.6724018454551697,0.5692788362503052,0.6708531975746155,0.5801540613174438,0.6688531041145325,0.5905565023422241,0.6661317944526672,0.5999020338058472,0.6631774306297302,0.6077144145965576,0.6613852977752686,0.6125161647796631,0.6605793237686157,0.617855429649353,0.6583302617073059,0.6234291791915894,0.6587313413619995,0.6192182302474976,0.6662150025367737,0.6132221221923828,0.6738372445106506,0.6046487092971802,0.6840716600418091,0.5938817858695984,0.6923381090164185,0.5818452835083008,0.6960576176643372,0.5691936016082764,0.6978626251220703,0.5570167303085327,0.6948344111442566,0.5464496612548828,0.6889362931251526,0.5388057827949524,0.6847042441368103,0.5331953763961792,0.6793646216392517
one,0.5356468558311462,0.6697989702224731,0.5424014925956726,0.6710063815116882,0.5483677983283997,0.6704553961753845,0.5575740933418274,0.6696534156799316,0.5683556199073792,0.6688364148139954,0.5800382494926453,0.6670613288879395,0.5908753871917725,0.6638928651809692,0.6002579927444458,0.6602755784988403,0.6079065203666687,0.657499372959137,0.6124510765075684,0.6558319330215454,0.6175904870033264,0.6520387530326843,0.6236852407455444,0.6516809463500977,0.6197654604911804,0.6610608696937561,0.6141339540481567,0.6706979274749756,0.605755090713501,0.6828724145889282,0.5947797894477844,0.6924247741699219,0.5819963812828064,0.6968647241592407,0.568204402923584,0.6982724070549011,0.5551635026931763,0.6939923763275146,0.5439004302024841,0.6860316395759583,0.5357000231742859,0.6794712543487549,0.529741108417511,0.6721625328063965
one,0.5387705564498901,0.6743485927581787,0.5454665422439575,0.6770239472389221,0.5512146949768066,0.6773120164871216,0.5601284503936768,0.6772820353507996,0.5706077814102173,0.6770650148391724,0.5822091698646545,0.6755269169807434,0.5928611755371094,0.6722316145896912,0.6017668843269348,0.6682426929473877,0.6087983846664429,0.6648916602134705,0.6128421425819397,0.6625645756721497,0.6175062656402588,0.6574217081069946,0.6240304708480835,0.6573028564453125,0.6206585168838501,0.6678236126899719,0.6156827211380005,0.6787524819374084,0.6079161763191223,0.692345380783081,0.5971760153770447,0.7028833627700806,0.5843058824539185,0.7077612280845642,0.5702713131904602,0.7087312340736389,0.5572094917297363,0.7033719420433044,0.5461532473564148,0.6938334703445435,0.5382606983184814,0.685691237449646,0.5326070785522461,0.6769962906837463
one,0.5377636551856995,0.6707483530044556,0.5446796417236328,0.6737616062164307,0.5506523847579956,0.6742215752601624,0.5598891973495483,0.6743464469909668,0.5706828832626343,0.6740955710411072,0.5826190710067749,0.6724520325660706,0.5936107635498047,0.6688795685768127,0.6028650999069214,0.6645533442497253,0.6102802753448486,0.6607276797294617,0.6145922541618347,0.6580127477645874,0.6194925308227539,0.6523040533065796,0.6258948445320129,0.6517112851142883,0.6223154664039612,0.662791907787323,0.6170200705528259,0.6741752028465271,0.608923614025116,0.6880142688751221,0.5979284644126892,0.6987238526344299,0.5847434997558594,0.7037575244903564,0.5704212188720703,0.7049548625946045,0.5571166276931763,0.6997434496879578,0.5457583665847778,0.6902919411659241,0.5375241041183472,0.6820641756057739,0.5315556526184082,0.6730697751045227
one,0.5379981994628906,0.6744032502174377,0.5447953939437866,0.6768866181373596,0.550707995891571,0.6770442724227905,0.5598440170288086,0.6768962144851685,0.5705082416534424,0.6764717698097229,0.5822353959083557,0.6747446656227112,0.5929168462753296,0.6712796688079834,0.6018944978713989,0.6671590805053711,0.6090351939201355,0.6636341214179993,0.6131600141525269,0.6612281799316406,0.6178659796714783,0.6560342311859131,0.6242378950119019,0.6556204557418823,0.6207760572433472,0.6661801934242249,0.6156977415084839,0.6770899891853333,0.6078578233718872,0.6905597448348999,0.5971361994743347,0.7009782791137695,0.584318220615387,0.7058672904968262,0.5702434182167053,0.7071271538734436,0.557097315788269,0.7021501064300537,0.5458507537841797,0.6930949091911316,0.5377352833747864,0.6853794455528259,0.5318822860717773,0.6769391298294067
one,0.5400965213775635,0.6755863428115845,0.5466244220733643,0.6759316921234131,0.5524121522903442,0.6748774647712708,0.5613241791725159,0.6735156178474426,0.5716707110404968,0.6723249554634094,0.5828282237052917,0.6704131364822388,0.5932187438011169,0.6673492193222046,0.6022691130638123,0.6640311479568481,0.6096494793891907,0.6617085337638855,0.6140478253364563,0.6604883074760437,0.6189716458320618,0.6574149131774902,0.624882698059082,0.6575684547424316,0.6211264729499817,0.6660738587379456,0.6157024502754211,0.6748493909835815,0.6076398491859436,0.686415433883667,0.5970559120178223,0.6956587433815002,0.5848385095596313,0.6999700665473938,0.5716375708580017,0.701546311378479,0.5590765476226807,0.69767165184021,0.5481933951377869,0.6904210448265076,0.5403035879135132,0.6848225593566895,0.5345948934555054,0.6784060597419739
one,0.5413738489151001,0.6741043329238892,0.5476624965667725,0.6743690371513367,0.553226113319397,0.6731542348861694,0.5618582367897034,0.6715626120567322,0.571942150592804,0.6702587604522705,0.5828685164451599,0.6683889031410217,0.5930991172790527,0.6655546426773071,0.6019733548164368,0.6626052856445312,0.6091774106025696,0.6606742143630981,0.613419234752655,0.6597416996955872,0.6182498931884766,0.656883180141449,0.6242262721061707,0.6573432087898254,0.6206650733947754,0.6656141877174377,0.6154018640518188,0.6740309000015259,0.6074560880661011,0.6852601170539856,0.5969588756561279,0.6942436695098877,0.5848005414009094,0.6983333230018616,0.5717406272888184,0.6998656392097473,0.5593684315681458,0.6960009336471558,0.5487604737281799,0.6889377236366272,0.5412031412124634,0.6834995746612549,0.5358273386955261,0.6771484017372131
one,0.5430163145065308,0.6756660342216492,0.549422562122345,0.6763482093811035,0.5550451874732971,0.6754913330078125,0.5637605786323547,0.6742786169052124,0.5739803314208984,0.6732642650604248,0.5850687026977539,0.671515166759491,0.5955033898353577,0.6685146689414978,0.604529857635498,0.6652347445487976,0.6118369698524475,0.6628744602203369,0.6161407828330994,0.661564826965332,0.6210387349128723,0.6582465171813965,0.6270990371704102,0.6585155725479126,0.6234769225120544,0.6671764850616455,0.6181450486183167,0.6761372089385986,0.6100862622261047,0.6878443360328674,0.5994162559509277,0.6971807479858398,0.5870195031166077,0.701440155506134,0.5737218260765076,0.7028313875198364,0.5612221360206604,0.6986445784568787,0.5505263209342957,0.6910765767097473,0.5429072380065918,0.6852126121520996,0.5374267101287842,0.6785075664520264
one,0.543667197227478,0.6720982193946838,0.5500878691673279,0.6722753643989563,0.5557597875595093,0.6710490584373474,0.5645095705986023,0.6694117188453674,0.5747408270835876,0.6680727601051331,0.5857604146003723,0.6661413311958313,0.5960081219673157,0.6632272601127625,0.6049419045448303,0.6601539850234985,0.6121704578399658,0.6581145524978638,0.6164431571960449,0.6571072936058044,0.6213019490242004,0.6542053818702698,0.6272067427635193,0.6544947624206543,0.6235331892967224,0.6628195643424988,0.6181817650794983,0.6712842583656311,0.610172688961029,0.6824359893798828,0.5996795296669006,0.6913537383079529,0.5876085758209229,0.6954509019851685,0.5745411515235901,0.6970419883728027,0.5621435046195984,0.6933594942092896,0.5514422655105591,0.6864923238754272,0.5437557101249695,0.6812416911125183,0.5382107496261597,0.6749998927116394
one,0.5437487363815308,0.6713945865631104,0.5502499341964722,0.6711599826812744,0.5560192465782166,0.6697419881820679,0.5649288296699524,0.6679656505584717,0.575237512588501,0.6666645407676697,0.5861998200416565,0.664923369884491,0.5965225100517273,0.662371814250946,0.605626106262207,0.6596642136573792,0.6130654811859131,0.6580477356910706,0.6175047159194946,0.6573606729507446,0.622519314289093,0.6551277041435242,0.6282367706298828,0.6555025577545166,0.6243285536766052,0.6632336378097534,0.6187037825584412,0.6709920763969421,0.6104662418365479,0.6813890337944031,0.599888026714325,0.6896767020225525,0.5879177451133728,0.6932228803634644,0.575077474117279,0.6946827173233032,0.5627517700195312,0.6911035180091858,0.5520004630088806,0.6845860481262207,0.5441799759864807,0.6798524856567383,0.5385279059410095,0.6740196943283081
one,0.5452501177787781,0.6773343086242676,0.551665186882019,0.6788294911384583,0.5572774410247803,0.6783447265625,0.5660064816474915,0.6774951219558716,0.5762370228767395,0.6767532229423523,0.5874558687210083,0.6751885414123535,0.5977423787117004,0.6723106503486633,0.6064339280128479,0.6691250801086426,0.6133424639701843,0.6667039394378662,0.6173322796821594,0.6652584075927734,0.6219410300254822,0.6613811254501343,0.6282108426094055,0.6618342995643616,0.6249141097068787,0.6711626648902893,0.6199954152107239,0.6807093620300293,0.6123015880584717,0.6930420994758606,0.601771354675293,0.7026839256286621,0.5892866253852844,0.706887423992157,0.5756611824035645,0.7080456018447876,0.5629661083221436,0.7031924724578857,0.5522368550300598,0.6947363018989563,0.5447079539299011,0.687924861907959,0.5393773317337036,0.68037348985672
two,0.5437138676643372,0.6738150715827942,0.5500869750976562,0.6736593842506409,0.5557427406311035,0.6722845435142517,0.5645520687103271,0.6705107688903809,0.5747261643409729,0.6691431999206543,0.585655689239502,0.6674249172210693,0.5957521796226501,0.6648656129837036,0.6045573353767395,0.6623097062110901,0.6116998195648193,0.660855233669281,0.615928590297699,0.6602979898452759,0.6207288503646851,0.658051609992981,0.6266641616821289,0.6589816808700562,0.6230865716934204,0.6666961908340454,0.6177977919578552,0.6745845079421997,0.6098666787147522,0.6853804588317871,0.5994203686714172,0.6939780712127686,0.5873759984970093,0.6977529525756836,0.5743273496627808,0.6991378664970398,0.5619245171546936,0.6952518224716187,0.551239013671875,0.6882880330085754,0.5436367988586426,0.6830874085426331,0.5382857918739319,0.677090048789978
two,0.5457857251167297,0.6766935586929321,0.5520140528678894,0.6768839955329895,0.5575255751609802,0.6757467985153198,0.5660475492477417,0.6742627024650574,0.5759729146957397,0.6731020212173462,0.5866981744766235,0.6713748574256897,0.5967480540275574,0.6686598062515259,0.6054510474205017,0.6658093333244324,0.6125104427337646,0.6639751195907593,0.6166846752166748,0.6631026268005371,0.6214080452919006,0.6604813933372498,0.627255380153656,0.6613264083862305,0.6237700581550598,0.6691929697990417,0.6186329126358032,0.6773088574409485,0.6108614802360535,0.6883020401000977,0.6005640029907227,0.6971433758735657,0.5886217951774597,0.7011418342590332,0.5757555961608887,0.7025399208068848,0.5635992288589478,0.6985700130462646,0.5531781315803528,0.6914207339286804,0.5457533597946167,0.6860545873641968,0.5404667258262634,0.6799317598342896
two,0.5486583113670349,0.6755954623222351,0.5547224283218384,0.6749702095985413,0.5601269602775574,0.6732325553894043,0.5684650540351868,0.671079695224762,0.5781099200248718,0.6694820523262024,0.5884235501289368,0.6676585674285889,0.5980520248413086,0.665274977684021,0.6064924597740173,0.6629847884178162,0.6133254170417786,0.6619104146957397,0.6173633933067322,0.6616559028625488,0.6218887567520142,0.6599175930023193,0.6275573372840881,0.6612018942832947,0.6242032647132874,0.6682321429252625,0.6192065477371216,0.6753339767456055,0.6116446256637573,0.6853377819061279,0.601665198802948,0.6934510469436646,0.5902150869369507,0.6969794631004333,0.5778393745422363,0.6984981298446655,0.5660560131072998,0.6950241923332214,0.555912971496582,0.6888012886047363,0.5487133860588074,0.6844619512557983,0.5436272025108337,0.6791539788246155
two,0.5471010804176331,0.6715918183326721,0.553498387336731,0.6711671948432922,0.5592063665390015,0.6696121096611023,0.5680429339408875,0.6676923036575317,0.5782566666603088,0.6662256717681885,0.5891466736793518,0.664460301399231,0.5992081761360168,0.6619094610214233,0.6080653071403503,0.6592970490455627,0.615276038646698,0.657817006111145,0.6195886135101318,0.6572760343551636,0.6244832873344421,0.6551775932312012,0.6301962733268738,0.655853271484375,0.6264427304267883,0.6634044051170349,0.6209801435470581,0.6710778474807739,0.6129647493362427,0.681505024433136,0.6025668978691101,0.6898258328437805,0.5907459259033203,0.6934524178504944,0.5778670310974121,0.6949339509010315,0.5655871033668518,0.6913532614707947,0.5549864768981934,0.6848785877227783,0.5473503470420837,0.6802458167076111,0.5418825149536133,0.6746401786804199
two,0.5484176874160767,0.6726624965667725,0.5543398857116699,0.6719539761543274,0.5597108602523804,0.6701765656471252,0.5680344700813293,0.6678632497787476,0.5777063965797424,0.6660809516906738,0.5880708694458008,0.6641173362731934,0.5977081656455994,0.6614875793457031,0.6061632633209229,0.6590031981468201,0.613017201423645,0.6577257513999939,0.617095410823822,0.6573335528373718,0.6216922998428345,0.6553874015808105,0.6275226473808289,0.6567495465278625,0.6241825222969055,0.6639258861541748,0.6192277669906616,0.67134690284729,0.6116961240768433,0.681861162185669,0.6016272306442261,0.6904480457305908,0.5900028347969055,0.6943365335464478,0.577416181564331,0.6960290670394897,0.5654648542404175,0.6925668120384216,0.5553025007247925,0.6862391233444214,0.5482210516929626,0.6818791627883911,0.543266236782074,0.676580548286438
two,0.548528254032135,0.6756993532180786,0.5543510913848877,0.6747345924377441,0.5596573948860168,0.6726917624473572,0.5678703188896179,0.6700896620750427,0.5774182081222534,0.6680810451507568,0.5876170992851257,0.6660431027412415,0.5971174836158752,0.6636170744895935,0.605525553226471,0.6614357233047485,0.6123563647270203,0.6605216264724731,0.6164359450340271,0.6604077219963074,0.6210061311721802,0.6587885022163391,0.626702070236206,0.6603535413742065,0.6234006285667419,0.6671644449234009,0.6184267997741699,0.6740157008171082,0.6108817458152771,0.6838797926902771,0.6008965969085693,0.6919956803321838,0.5894553065299988,0.6955309510231018,0.5771176815032959,0.6973890066146851,0.5653422474861145,0.6942649483680725,0.5553018450737,0.6885406374931335,0.5483275651931763,0.684719443321228,0.5434641242027283,0.6797696352005005
two,0.5499096512794495,0.6787415742874146,0.5558876395225525,0.6779068112373352,0.5613231658935547,0.6759901642799377,0.5697633028030396,0.6735144257545471,0.5795005559921265,0.6716011762619019,0.5898919105529785,0.6696861386299133,0.5995001792907715,0.6672770380973816,0.6079186797142029,0.6651166081428528,0.6147069334983826,0.6641645431518555,0.6187194585800171,0.6640021800994873,0.6232466697692871,0.6622792482376099,0.6291062235832214,0.6639038920402527,0.6258315443992615,0.67091304063797,0.620885968208313,0.6779866218566895,0.6133581399917603,0.6881763339042664,0.603287935256958,0.69646817445755,0.5916637778282166,0.6999958157539368,0.5790424942970276,0.7017185091972351,0.5670470595359802,0.6982894539833069,0.5568139553070068,0.6921513676643372,0.5497194528579712,0.687999427318573,0.5448172092437744,0.6827827095985413
two,0.5500560998916626,0.6778169870376587,0.5559025406837463,0.6768385767936707,0.5611384510993958,0.6748223900794983,0.5692766308784485,0.6723446249961853,0.5787606239318848,0.6705503463745117,0.5889032483100891,0.6687287092208862,0.5983465909957886,0.6665040850639343,0.6066513061523438,0.6645135879516602,0.6133849620819092,0.6638758778572083,0.6174120903015137,0.6640124917030334,0.6219488978385925,0.6626812219619751,0.6276618242263794,0.6643504500389099,0.6243411898612976,0.6709800958633423,0.6194278001785278,0.6776466965675354,0.6119686365127563,0.6874203085899353,0.6020510792732239,0.6954011917114258,0.5907126665115356,0.6988410353660583,0.5784459710121155,0.7003732919692993,0.5667368173599243,0.6970087289810181,0.5567660331726074,0.6909221410751343,0.5498446822166443,0.6867941617965698,0.5449826121330261,0.6817318201065063
two,0.55010586977005,0.6793432831764221,0.5559751987457275,0.6786103248596191,0.5612897872924805,0.676790714263916,0.5695459246635437,0.6744510531425476,0.5791484713554382,0.6726707816123962,0.5894394516944885,0.6708188652992249,0.5989894866943359,0.6683732271194458,0.6073419451713562,0.6661363840103149,0.6140681505203247,0.6650809049606323,0.6180564165115356,0.664865255355835,0.6225573420524597,0.6630927324295044,0.6283470392227173,0.6647384166717529,0.6251159310340881,0.6717373728752136,0.6202583312988281,0.6789318323135376,0.6127967834472656,0.6892586350440979,0.602778434753418,0.6976844072341919,0.5911849737167358,0.7013139724731445,0.5786053538322449,0.7029238343238831,0.56673264503479,0.6993354558944702,0.5567165017127991,0.6929392218589783,0.5498214960098267,0.6886200904846191,0.5450402498245239,0.6833871603012085
two,0.5511729121208191,0.6904245615005493,0.5569501519203186,0.6908589005470276,0.5620048642158508,0.6897807717323303,0.5699587464332581,0.6882091164588928,0.57939213514328,0.6869484186172485,0.5898011922836304,0.6852552890777588,0.5992861390113831,0.6823657155036926,0.6072376370429993,0.6795303821563721,0.6134436726570129,0.6777528524398804,0.6169906854629517,0.6769126653671265,0.6211139559745789,0.6740112900733948,0.6275473833084106,0.6756654977798462,0.6249073147773743,0.683711051940918,0.6207399368286133,0.6924861073493958,0.6138203740119934,0.7047740817070007,0.6038716435432434,0.7147170901298523,0.5918446183204651,0.7192420959472656,0.5786476135253906,0.7205122113227844,0.5664716958999634,0.7157419323921204,0.5565127730369568,0.7075002193450928,0.5499159693717957,0.7013108730316162,0.5454666018486023,0.69487464427948
